title,url
Remote Fullstack Developer Internship At Kalam,https://bit.ly/3SsG2Oy
Remote Fullstack Developer Internship At Cuvette ,https://bit.ly/3Ou5ySD
Software Engineer - Java Hiring At JPMorgan Chase & Co.,https://bit.ly/3SpDRLQ
Engineering Intern Hiring At Target,https://bit.ly/49nWhDz
2024 RBCDSAI Summer Internship Application form,https://bit.ly/42tptXF
Data Analytics: Internship Opportunity At Microsoft,https://bit.ly/4bsZp2E
Associate Software Developer hiring at Sas,https://bit.ly/3OAHvRT
2024 Product Design Internship: India At Uber,https://bit.ly/42tOpOG
Saathi is hiring for the role of Mobile App Developer Intern!,https://bit.ly/42vVsGw
Frontend Developer Internship At Eight Network,https://bit.ly/3up39lf
UI/UX Designer Hiring At Target Technology,https://bit.ly/3uqShmU
Software Engineer (New graduates) Hiring At Sansan,https://bit.ly/3Sv0HSf
NatWest Group Is Hiring For Reactjs Development Intern ,https://bit.ly/485L35C
title,url
"Software Engineering Intern, Summer 2024 - Google",https://bit.ly/3SRY25t
Software Engineering - Fulltime Opportunities for University Graduates - Microsoft,https://bit.ly/42PiWGZ
"Work From Home Frontend Developer Internship At Trisetra, inc",https://bit.ly/3SHOWIq
"Work From Home Backend Developer Internship At Trisetra, inc",https://bit.ly/42DLlzE
title,url
Engineering Intern hiring at HomeLane,https://bit.ly/3urtBe5
Remote SDE Intern Opportunity At WebGo Software ,https://bit.ly/49d0iLm
"Technical Solutions Consultant Intern, Summer 2024 - Google",https://bit.ly/49b8efY
title,url
Software Engineer (Intern) - Summer 2024 At Acorns,https://bit.ly/49tfXG4
Frontend Engineer Intern At Zenskar, https://bit.ly/4bx2nmW
Discovery - Explorer Summer Internship Programme 2024 - Barclays,https://bit.ly/42Dublp
title,url
Thoughtspot Is Hiring Engineering Intern 2025,https://bit.ly/48f6Dol
Summer 2024 - Software Engineer Intern At Coinbase,https://bit.ly/3wmlik6
Zomato Is Hiring For SDE Intern,https://bit.ly/49uUo8b
title,url
Visa is hiring for Software Engineer Intern ,https://bit.ly/3uHGcK2
title,url
Fullstack Engineer Intern At Snowflake,https://bit.ly/3SGVRkL
Cadence is hiring for Software Engineering Intern,https://bit.ly/48lA3RH
Software Engineer Intern hirnig at Practo,https://bit.ly/3SYolb7
Software Engineer - Mercari/Merpay (Internship),https://bit.ly/3SHsPlb
title,url
CashKaro is hiring for Python Intern,https://bit.ly/49Fnge3
Software Developer Internship At Scalers.AI | Bangalore,https://bit.ly/3uLdFDr
title,url
Software Engineer-I Hiring At FICO,https://bit.ly/3ULryfw
Graduate Software Engineer Hiring At IMC,https://bit.ly/3I4PGSK
title,url
Frontend Engineer Opportunity At Fractal,https://bit.ly/4bJTg2y
Early Career Program: ASPIRE - Engineering and Technology (India) 2024,https://bit.ly/3T1LHwx
title,url
Software Engineer Intern At Meta,https://bit.ly/3uEMt9u
SDE Intern : Batch of 2024 hiring at CoinSwitch,https://bit.ly/3wmKPd4
title,url
Remote ReactJs Frontend Intern opening At Flabs ,https://bit.ly/3SNwJsK
"Global Internship Program (Onsite Tokyo, Japan) - HENNGE",https://bit.ly/49DyrUv
 Work from home Junior Full Stack Developer At Century Health,https://bit.ly/48pfxQe
title,url
Goldman Sachs Is Hiring For The Role Software Engineer ,https://bit.ly/49k0GYl
DevOps Engineer Internship At DataWeave,https://bit.ly/3wxVphl
BCG is Hiring Research Associates for BCG's DRS Team,https://bit.ly/3T6nchQ
Unstop Is Hiring !,https://bit.ly/49LMjfz
title,url
Remote Backend Developer Internship At Akto.io ,https://bit.ly/4bJqL4W
Remote Full Stack Engineer At Oasis of Ideas,https://bit.ly/3T4Lk4u
title,url
Software Development Engineer hiring at Western Digital ,https://bit.ly/42P2pm5
title,url
"Software Engineer - Python, ML, Automation At Synopsys",https://bit.ly/3wsVkvs
title,url
Remote Frontend Developer Internship At Enalo ,https://bit.ly/4bHkxCu
Software Development Engineer I Data At Meesho,https://bit.ly/3UV8CuS
Remote Web Developer Intern At VsCodeHelp,https://indeedhi.re/3STcjyB
Internship at lIT Hyderabad 2024,https://bit.ly/3IcYUwq
title,url
Summer Fellowship Programme - 2024 Indian Institute of Technology Madras,https://bit.ly/4bSKu1W
Software Engineer_Fresher (2023 Graduates) hiring at Amdocs,https://bit.ly/4bNHyno
Early Career Program: ASPIRE - Engineering and Technology (India) ,https://bit.ly/49tAudW
Remote FrontEnd Developer (A) hiring at Blue Coding,https://bit.ly/49I1PJP
title,url
Bain and Company is hiring for Associate Engineer ,https://bit.ly/430uhDZ
Software Development Engineer Hiring At GreyOrange,https://bit.ly/49vv5mE
OLA is hiring for Software Developer Intern ,https://bit.ly/3TcHBBN
Frontend Developer Internship At DataWeave ,https://bit.ly/3SU1EUj
Software Development Engineer role hiring at Fortinet,https://bit.ly/42WNHth
title,url
Remote Fullstack intern opening At Kalam,https://bit.ly/48AnPVx
title,url
Software Developer Internship At Ola ,https://bit.ly/3uQAupr
Software Engineer Intern opening at CM.com ,https://bit.ly/3TfIo4X
title,url
Software Developer Intern opening at Agilite,https://bit.ly/3uU6mcU
Micron Is Hiring for Application Software Engineer,https://bit.ly/3wBXglw
Backend Developer Job At ContractKen ,https://bit.ly/3IeIcgh
SDE Intern - Frontend (Web) @ Groww,https://bit.ly/3T0E4Fn
Software Engineer Intern Hiring At Qualcomm,https://careers.qualcomm.com/careers/job/446693743471
Associate Product Manager I at Meesho,https://bit.ly/49ECqAI
Microsoft is hiring fresher - SDE - 1,https://bit.ly/4bWA01A
title,url
"Software Engineer, Governance Hiring At OP Labs",https://bit.ly/48yGhxz
title,url
D. E. Shaw is Hiring For Software Development Role,https://bit.ly/48EpE3u
Machine Learning Engineer Internship At Smollan,https://bit.ly/49BKUbE
title,url
KoinX - Frontend Intern Hiring ,https://bit.ly/3v3gPm7
Software Engineer (Fresher Hiring) At Mitsogo,https://bit.ly/3uTt5Wt
Groww is hiring for SDE 1 for its App,https://bit.ly/435NUuf
title,url
Software Engineer is hiring for Autodesk,https://bit.ly/435we23
Remote Fullstack Developer Internship At SurgeGrowth.io,https://bit.ly/3T7QU4O
title,url
Bentley Systems is For Intern Role,https://bit.ly/3PaSilY
Swiggy is hiring for Associate Software Developer role,https://bit.ly/48L0Kj0
title,url
Machine Learning Engineer hiring at Google,https://bit.ly/438rjNO
Software Development Engineering Intern Hiring At Appleute,https://bit.ly/3IvbZ4u
title,url
Junior Software Engineer hiring at Entnt,https://bit.ly/4c9WFYi
Software Engineer (Product) At XSEED Education,https://www.linkedin.com/jobs/view/3846247573/
title,url
SWE - Frontend [New Grad] hiring at Alphablocks,https://bit.ly/3VdbJi6
Front End Development Hiring At Kalki AI,https://bit.ly/4c8Reca
Mobile App Development At MentorBoxx,https://bit.ly/49NIqa9
Backend developer Hiring At Mistral AI ,https://bit.ly/3TuMjv3
title,url
Flutter Internship At Triveous,https://bit.ly/48SeatF
Tech Intern Hiring At Philips,https://bit.ly/4a7L4HM
title,url
Software Engineer - Intern At Hypersonix Inc.,https://bit.ly/49R5Hbf
title,url
Associate Software Engineer At H&M Services India ,https://bit.ly/49PEc1X
title,url
Backend Developer Internship At Dashmed ,https://bit.ly/3TpHMsG
title,url
Remote Web Developer At 24/7 DCT,https://in.indeed.com/viewjob?from=appsharedroid&jk=188575bbd6558d0e
 Bharat Electronics is hiring for ùêìùê´ùêöùê¢ùêßùêûùêû ùêÑùêßùê†ùê¢ùêßùêûùêûùê´-1 & ùêèùê´ùê®ùê£ùêûùêúùê≠ ùêÑùêßùê†ùê¢ùêßùêûùêûùê´-1,https://bit.ly/3wX6IQv
Software Engineer - Graduate Engineer Trainee At Gap Inc,https://bit.ly/4adsePb
title,url
Staff Software Engineer- Frontend At Paypal,https://bit.ly/3wXKTQP
Frontend Intern | Spring 2024 At OmniSynkAI,https://bit.ly/3PpThPg
ML Intern (Summer Internship 2024) at Tower Research Capital,https://bit.ly/3IHTFVU
Associate Software Engineer At Roadie,https://bit.ly/3TFfImn
title,url
"Software Engineering Intern, Cloud Platform At Poshmark",https://bit.ly/3IHN0Lg
Intern- Mobile Developer At CoinDCX,https://bit.ly/3IEGapO
Web Developer hiring At Dow Jones,https://bit.ly/491zw7P
Remote Graphic Designer Hiring At Hiresoft,https://bit.ly/4clcYBW
title,url
Software Developer Intern Hiring At Zog global,https://bit.ly/43lEaMG
Summer Research Fellowship Programme At IIT Delhi ,https://bit.ly/3Vhsjxg
Flipkart_Off Campus Hiring (2023 Batch),https://docs.google.com/forms/d/e/1FAIpQLSfeDkC5yVCTUixAyevFxS9ExY5jblxaY9-CVPxWnzM-JXLX2w/viewform
title,url
Remote Backend Developer Internship At CLIPPR ,https://bit.ly/43tbSQC
Software Development Engineer I Job At Blinkit ,https://bit.ly/43o2ptw
Software Development Engineer At Airtel,https://bit.ly/4ckNGUv
title,url
Backend Intern - Platform at Ridecell - Pune,https://bit.ly/3IMmlwY
title,url
"Software Engineer, Backend (India) At Doola",https://bit.ly/3TOgc9T
Pinelabs Is Hiring For SDE-1 Role,https://bit.ly/4a545dZ
title,url
Backend Software Engineer at Clipboard Health,https://bit.ly/43scx4J
title,url
SDE-Intern hiring at RocketLawyer ,https://bit.ly/3PvWLQs
SDE Intern Backend At OpenGig,https://bit.ly/497JSmH
Remote Web DevOps Engineer Hiring At Zoom,https://bit.ly/3PCr34e
title,url
Frontend Developer (Internship) At Tealfeed,https://bit.ly/496w23T
Propel Fresher Hiring 2024 | Software Developer,https://talent.propelinc.com/jobs/Careers/26698000053870027/Fresher-2024-Software-Developer?source=CareerSite
title,url
KPMG is hiring for the role of Analyst!,https://ejgk.fa.em2.oraclecloud.com/hcmUI/CandidateExperience/en/sites/CX_1/job/INTG10015992?utm_source=Analyst-_TPRM_unstop&utm_medium=listing&utm_campaign=unstop
Blue Ripples Technologies | Training Software Developer- Intern,https://bit.ly/43uk4QB
title,url
Autodesk Is Hiring For Associate Software Development Engineer,https://bit.ly/3IZUlFX
StateStreet Is Hiring For Intern Role,https://bit.ly/4aacVr4
title,url
Software Engineer-Summer Internship At Nbyula,https://bit.ly/49d2iCs
Game Developer Internship At Brightpoint ,https://bit.ly/3xnaWkv
SDE I - Frontend At Netomi,https://bit.ly/43CXBAP
title,url
"Customer Engineering Intern, Google Cloud, Summer 2024",https://bit.ly/4css2O2
Machine Learning Engineer Job At Simplismart ,https://bit.ly/49hPhrs
title,url
Software Engineer Intern Hiring At ToolJet ,https://bit.ly/3IYmAVC
title,url
Software Engineer Intern (Frontend) - GyanGrove,https://bit.ly/3xoIezI
Summer 2024 - Software Engineer Intern At Snsgroups,https://bit.ly/4ar3Iue
Data Science Intern At Seagate,https://bit.ly/3TVxEt0
SJ Innovation is hiring for the role of Software Engineer Intern!,https://bit.ly/43FuQ6w
Software Development Engineer Hiring At Adobe,https://adobe.ly/3TXoAnh
title,url
FRONTEND DEVELOPER Opportunity At JAFFLE,https://bit.ly/3vvDRm7
Intern Software Engineer - Summer 2024 At Zinnia ,https://bit.ly/3TFMl27
title,url
Software Engineering Intern role At Nike,https://bit.ly/3vwxOh9
title,url
WorkIndia is hiring for 3 month internship ,https://bit.ly/3xf5UXg
Software Engineering AMTS Hiring At Salesforce ,https://bit.ly/43KTrH9
Software Quality Engineer At ServiceNow,https://bit.ly/4ajjuHI
title,url
DevOps Engineer Internship At Kuvi Networks - Remote,https://bit.ly/4al3YeH
Cosmocloud is looking for Backend and DevOps Interns,https://bit.ly/43MMe9w
Virtual Internship Opportunity At Glance,https://bit.ly/4aIYwCb
title,url
Frontend Intern Hiring At BharatX,https://bit.ly/49p1wT7
Frontend Developer Internship At ShopOut,https://bit.ly/3J2v1iV
title,url
Engineering Intern At Qualcomm - 2024 & 2025 Graduates,https://bit.ly/43K2po1
Swiggy's mobile team is hiring iOS Intern! ,https://bit.ly/4cN2sne
title,url
Software Engineer Job At Harness,https://bit.ly/3xn562J
TurboML Summer Internship Application,https://bit.ly/43NpfLs
SDE Intern (Databases) hiring at Groww,https://bit.ly/4almVha
Prompt Engineer Intern At Unacademy ,https://bit.ly/3TRb6sh
title,url
Internship-Backend At BarRaiser ,https://bit.ly/4aqWgj0
title,url
Full Stack Developer Intern At Orangewood,https://bit.ly/49o898c
Remote Internship - Backend At BarRaiser ,https://bit.ly/4aqWgj0
title,url
Software Developer At Ericsson - Bangalore,https://bit.ly/3JdjyNm
title,url
SDET Intern At Zupee ¬∑ Gurugram,https://bit.ly/3TVM3Et
Python Backend Devs/Vue Frontend Devs At Neuman Works,https://bit.ly/3xqVQKS
title,url
Software Engineer Intern At Blueberry Digital Labs,https://bit.ly/3TV2sZN
Machine Learning- Intern At Get My Parking ,https://bit.ly/4aOYb0L
Software Engineer- Frontend Developer Intern Hiring At TrueFoundry,https://bit.ly/49tC4Ml
title,url
ML Intern at Tower Research Capital,https://bit.ly/3IHTFVU
title,url
Associate Software Development Engineer At Swiggy,https://bit.ly/49QUcQx
Software Engineer - AMTS At Salesforce,https://sforce.co/3xxUBtw
Tech Internship 2024 At Agoda,https://bit.ly/4cT5QwP
Python Developer @Intern(2024 Batch) At Pyjamahr,https://bit.ly/3UedZEQ
title,url
Software Developer-Python - Quadeye,https://www.linkedin.com/jobs/view/3886255282
title,url
ReactJs Front End Developer Intern At Interactly,https://bit.ly/4azJP4C
Associate Software Development Engineer - Swiggy,https://bit.ly/443dJMk
title,url
Junior Engineer (Internship) At Cornerstone OnDemand ,https://bit.ly/4dd1CjZ
Associate Software Engineer Intern At WebGo Software Labs ,https://bit.ly/444HcVO
Software Engineer (SDE-I) - FullStack At Clootrack (Remote),https://bit.ly/3vXs00d
title,url
SOFTWARE ENGINEER Job At Caterpillar,https://bit.ly/4aD7KQG
Associate Software Engineer At Global Payments,https://bit.ly/3U2aVKD
title,url
Software Engineer Opening At Cimpress,https://bit.ly/4aXQlC0
title,url
Python Developer At Anuta Networks ,https://bit.ly/3UpkiFH
Associate Software Development Engineer At Amadeus,https://bit.ly/3UoNsol
title,url
NetApp Is Hiring Software Engineer,https://bit.ly/3xDW5SY
SDET - Intern At Treebo Hotels,https://bit.ly/49O8LEn
Remote Software Engineer At Carvis.AI ,https://bit.ly/3Jqishg
title,url
ML Engineer Intern At Brandintelle,https://bit.ly/4aZg78M
Software Developer Role Hiring at Zoho,https://bit.ly/3Q7NhLp
title,url
Summer Internship Application Form 2024 At IIT dharwad,https://bit.ly/3xLZyyV
Software Developer Intern At SproutsAI,https://bit.ly/4aNd1Fj
Intern / SDE 1 At Cloudsek,https://bit.ly/4b4X1OP
Back End Developer intern At PW (PhysicsWallah),https://bit.ly/4d6uni7
title,url
Backend Engineer - API at Argyle ,https://bit.ly/49LqD2J
title,url
Junior Developer Hiring At Next Growth ,https://bit.ly/49LMOWo
HashedIn Technologies 2024_ Off Campus Registration ,https://bit.ly/49RLQI7
title,url
Associate Security Engineer at Oportun,https://bit.ly/3UzzgZR
GoGuardian Is Hiring At Software Engineer I,https://bit.ly/3w9At0q
Software Engineer At Traveloka,https://bit.ly/3Uj7XBs
Associate Devops Engineer At Dazn,https://bit.ly/49T1vqK
title,url
Maersk Is Hiring For Software Engineer,https://bit.ly/3U9LeI8
Software Engineer Intern At CircoLife ,https://bit.ly/3WcS0zx
title,url
Software Engineer (Fresher) At Bitcoin Devs Company,https://bit.ly/3JCGcyV
title,url
Junior Software Engineer At Avua ,https://bit.ly/4aWWhf4
Data Engineer Intern At UnGray Technologies,https://bit.ly/3UAc91e
title,url
Frontend Developer Internship At GreenStitch ,https://bit.ly/4bkamD3
Software Development Intern At Bolt.Earth,https://bit.ly/3Ulh5ph
Software Engineer Job Opportunity At Paypal,https://bit.ly/4dfUZ01
DevOps Engineer Internship At Datazip ,https://bit.ly/4dmeLHe
title,url
Mern Stack Intern Hiring At Diginnovators Solutions,https://bit.ly/3Uojq2I
Fullstack Java Developer At Volvo,https://bit.ly/3wicjkA
title,url
Android Developer Intern At Jar,https://bit.ly/44la3ph
Remote Mobile App Developer Internship At Elwie.ai ,https://bit.ly/4a19jH8
title,url
Full Stack Engineer At Sapio Analytics,https://bit.ly/3WurDFv
Fullstack Engineering Intern (Internship) At Privado.ai,https://bit.ly/4a39NMO
title,url
Software Engineer - Data Engineer At Gameskraft,https://bit.ly/4aYnCNZ
SDE-I Backend At Mindtickle,https://bit.ly/4dnYcLc
title,url
Blinkit is hiring for SDE-1,https://bit.ly/3Wnpvza
Software Engineer (Backend) - Full-time - Remote at Peakflo,https://bit.ly/4b0ecl5
title,url
Software Development Engineer I At Plum,https://bit.ly/4a8Voyw
title,url
Software Engineering DevOps New Grad At Ciena,https://bit.ly/4a8I9hl
title,url
Technical Engineer - Problem Setter (Programming ) - Internship At HackerEarth,https://bit.ly/3wp3vcy
title,url
Remote Full Stack Engineer Intern At Ellenox,https://bit.ly/3Uxrxdw
Backend Developer At Wuri (YC W24),https://bit.ly/3wpGsyo
Salesforce Is Hiring For Interns,https://bit.ly/3UR4wUc
title,url
Software Development Engineer At Anakin,https://bit.ly/3wtQwq5
title,url
Data Analyst Hiring At Microsoft - Hyderabad,https://bit.ly/3JVz2WF
title,url
Software Development Engineer I At Gameberry Labs,https://bit.ly/3QCZ7h5
Full Stack developer At Deutsche Bank - Pune,https://bit.ly/3WDJOIB
title,url
Backend Engineer At Shaadi.com - Mumbai,https://bit.ly/3UCq0Tt
DevOps Intern At Jar - Bangalore ,https://bit.ly/3JWhgmn
title,url
SDE - Backend - Intern At CloudSEK,https://bit.ly/3QIlX6Q
Software Engineer - Core UI At Rubrik,https://bit.ly/4bFaKMj
React JS Front-End Developer - Consultant At KPMG,https://ejgk.fa.em2.oraclecloud.com/hcmUI/CandidateExperience/en/sites/CX_1/job/INTG10016804
title,url
Glamify Is Hiring For App Developer,https://bit.ly/4bCoLL0
Android Engineering Intern (New) At Fampay,https://bit.ly/44Ffob3
title,url
SDE Internship at UniStack,https://bit.ly/4blTLiw
Frontend (React.js) At Mygate,https://bit.ly/3wKs6sn
Data Science Intern At Sony Research India,https://bit.ly/4bi1QF2
Python Development Internship At NatWest Group,https://bit.ly/3QOAii6
title,url
HyperVerge MLE Internship ,https://bit.ly/44JDgKu
Salesforce Is Hiring For Intern Role,https://bit.ly/3yqWo43
title,url
GroundTruth Is Hiring Associate Software Engineer,https://bit.ly/3wDj0xK
Backend Engineer Internship (remote) - Peakflo,https://bit.ly/3ROSd9n
Software Engineer - FullStack/ Backend Hiring At BrowserStack,https://bit.ly/4bzNvDK
title,url
Intern - Software Engineer At Payu,https://bit.ly/4dOSSAz
title,url
SDE Intern Frontend - NextJs At Opengig,https://bit.ly/3QTINIR
Full Stack Engineer (Intern) At IRLY,https://bit.ly/3V6neal
SDE 1 - Frontend At Dream11,https://bit.ly/4anj2aV
Software Engineer - SRE At Myntra,https://bit.ly/3WMKThk
title,url
 Fortanix Is Hiring For Software Engineer (Internship) - Bengaluru,https://bit.ly/3wGnyDA
title,url
Next Growth is hiring For Junior Developer - Python/Js ,https://bit.ly/49LMOWo
Data Science Intern At Payu,https://bit.ly/3V8orhE
title,url
Hiring Challenge for Graduate Application Developer by Thoughtworks,https://bit.ly/4auCwKD
Interim Engineering Intern At Qualcomm,https://bit.ly/3UKQ7aU
title,url
UX Research Intern Hiring at Spinny !,https://bit.ly/4bPpPv3
title,url
Software Development Engineer At Buildnext,https://bit.ly/4azTs2t
Fasal Hiring Alert: Software Development Interns! üöÄ,https://bit.ly/3WXQp0Y
title,url
Zeta 2024 - Engineering Fresher Hiring,https://bit.ly/3WTNFBy
Python Developer At Deltax - Gurgaon,https://bit.ly/4dTn2Ts
title,url
Design System - Intern At Mindtickle,https://bit.ly/44Y0Q6q
React Developer At Meteorite Labs,https://bit.ly/3wOZGxC
title,url
 Full Stack Developer Intern At Futures First,https://bit.ly/3wG2qgQ
Fullstack Developer At Probo,https://bit.ly/3UX3vsr
Backend Developer Internship At Prismforce ,https://bit.ly/451qLu6
Software Development Intern At Quincus,https://bit.ly/4aBVqPQ
title,url
Summer internship At Tata 1mg,https://bit.ly/3R3ZJfH
Software Engineering Internship At Thomson Reuters,https://tmsnrt.rs/3UZbLrV
title,url
Software Development Engineer At Trellix,https://bit.ly/3V1T339
title,url
Software Engineering AMTS Opening At Salesforce,https://bit.ly/3X27Nla
Site Reliability Engineer At ServiceNow,https://bit.ly/4e6gMYr
title,url
Web Developer Hiring At Zoho,https://bit.ly/4e6bVGE
Quest Global is hiring for the role of Software Development Engineer!,https://bit.ly/458f58R
Remote Backend Developer Internship At Bullsurge,https://bit.ly/3UXHfi4
title,url
Fresher | Software Developer Job At Propel,https://bit.ly/4bZ8NL0
Frontend Developer Intern At India Blockchain Summit 2024,https://bit.ly/4dX00Lk
title,url
Product Design Intern At Fynd,https://bit.ly/3yEFrmG
Frontend Developer Internship At Enalo ,https://bit.ly/3xbDdL8
title,url
Data Analyst Intern 2024 At Ninjacart,https://bit.ly/3V6HTtU
Orange is hiring for the role of Software Engineer!,https://bit.ly/3VpdKYa
Instahyre is hiring for Full Stack Developer (Remote),https://bit.ly/4aQ2Krb
title,url
Microsoft is hiring for the role of Software Engineer!,https://bit.ly/4c7iPKc
title,url
SDE 1 (Android) At Angel One,https://bit.ly/3VyatG8
title,url
Robotics Software Engineer - Intern At HyperHorizon,https://bit.ly/3XhPI2J
Software Development Internship At Binocs in Bangalore,https://bit.ly/3wXB1XR
title,url
Software Engineering Intern At Slidely AI,https://bit.ly/3yPfjpo
Software Engineer Intern At Futures First,https://bit.ly/4bQaNWb
title,url
Machine Learning Engineer (Remote) At Bungee,https://bit.ly/3x9L4sM
Backend Intern At Pibit.ai,https://bit.ly/3RklBn8
Remote Founding Frontend Developer At Aiqtor Technologies ,https://bit.ly/3VwuZXy
Novago SDE Hiring Challenge,bit.ly/3Xdz0Bm
title,url
Software Development Engineer -Intern At Bright Money,https://bit.ly/3yYm74g
title,url
"Adobe Is Hiring For Software Development Engineer, Apply Now",https://adobe.ly/3VkYt9g
title,url
Backend Engineer Intern (Nodejs) at ReachInbox,https://bit.ly/3z07SMf
Software Engineer - Intern (Internship) At Auxia,https://bit.ly/3z2mV8g
Intern: Full Stack (6 months Internship + PPO) At Spyne,https://bit.ly/3Vn1VQN
title,url
Intern - Software Development at Innovaccer,https://bit.ly/3Rm7Ggw
SDE1 - Tech Platform At ShareChat,https://bit.ly/4b2E8LO
Hiring At Swiggy - Associate Software Engineer,https://bit.ly/4aZo25J
AI Resident At Ema,https://bit.ly/45p5kmJ
title,url
Fresher UI/UX Designers (UK/USA) Hiring,https://bit.ly/3RpoROe
"Software Engineering Intern, Summer 2025 At Google",https://bit.ly/4ckOyHE
title,url
Software Engineer at Ethos Life,https://bit.ly/3Xq2yvQ
title,url
Software Developer Internship At Scalers.AI,https://bit.ly/4cn83Q8
SDET-Python Automation At Nutanix,https://bit.ly/4c15nrD
Engineering Explorer (Full Time) role opening at StackIt,https://bit.ly/4bYjKgc
title,url
Frontend Engineer At VectorShift,https://bit.ly/4ckeOC8
Data Science Intern At Cult.fit,https://bit.ly/4b7Qv9J
title,url
Front End Development At EXCELLENTSOUND,https://bit.ly/3Xo61Ln
"Software Engineer, University Graduate, 2025 At Google",https://bit.ly/3VpwJ3D
title,url
Urban Company Is Hiring SDE 1- Growth - Gurgaon,https://bit.ly/3Rz8gHM
title,url
WinZo is hiring for the role of Backend Engineer!,https://bit.ly/4esmBQe
Associate Software Engineer At Payu,https://bit.ly/3Rw7H1B
BackEnd Developer Intern At LeadAssist - Jaipur ,https://bit.ly/3z9jmgB
title,url
Apprentice - Frontend Development At Amber,https://bit.ly/45xQRFm
Early Career Trainee - OFSE Digital At Baker Hughes,https://bit.ly/45yC0KC
title,url
Dashworks is hiring For Software Engineer - Full Stack,https://bit.ly/45zMObq
Software Engineer-Backend(SDE1) At Zupee,https://bit.ly/3REKoCW
title,url
SDE Intern - App @ Groww,https://bit.ly/3RF150J
title,url
GRADUATE SOFTWARE ENGINEER At Cobblestone Energy ,https://bit.ly/3zdFer9
Backend Developer At Growhut,https://bit.ly/3VFlyUl
title,url
Software Engineer Job At Baker Hughes,https://bit.ly/3XFVT0t
Software Development At Nference Labs,https://bit.ly/4eEL2do
Backend Developer Internship Opportunity At Lokal,https://bit.ly/3KZIWar
Associate Software Engineer - AMTS At Athena Health,https://bit.ly/3XHMTIu
Associate Software Engineer At Goldman Sachs,https://bit.ly/3VJwS1M
title,url
Intern - Software Development Engineer At Razorpay,https://bit.ly/4bpIgpv
Software Engineer Job Opening At Autodraft,https://bit.ly/3L16Q5p
title,url
Hiring for SDET - Intern & Full time At Cashfree Payments,https://bit.ly/3L7c1kh
Junior Engineer Intern At Cornerstone - Mumbai,https://bit.ly/4dd1CjZ
Segwise.ai is looking to hire a backend engineering intern,https://bit.ly/3xFX0Tj
title,url
Software Development At Chargebee,https://bit.ly/45NMZA5
GE Healthcare Is Hiring At Software Engineer,https://bit.ly/3W0Zhls
Mobile Engineer Internship (React Native) At SuperKalam,https://bit.ly/3RR7upP
title,url
Backend Engineer Intern At Segwise.ai,https://bit.ly/3xFX0Tj
title,url
2025 New Analyst Program At Goldman Sachs,https://bit.ly/3L8cKl3
Software Development Engineer (Backend) At Xeni,https://bit.ly/3VQgfSk
Backend Software Engineer At Tutero,https://bit.ly/4bnxxfi
title,url
Software Engineer At Mastercard,https://mstr.cd/45S4IGv
title,url
"SDE1, ASDE and SDET Hiring At Swiggy",https://bit.ly/4crfhD8
SDE Intern (Fullstack) At 1% Club,https://bit.ly/4bv8TJu
title,url
"Machine Learning Engineer Internship At Swiggy, India",https://bit.ly/45QBw2S
Groww is hiring SDE Interns for Frontend Role,https://bit.ly/3xAGTGN
Software Engineer Intern Hiring At Zeotap,https://bit.ly/3RUzqck
title,url
Flipkart GRiD 6.0 - Software Development Track,https://bit.ly/4bv4R3X
title,url
Software Development Engineering At Namma Yatri ,https://bit.ly/3xMcFAB
Software Dev Engineer At Amazon,https://bit.ly/45RVqdP
title,url
FrontEnd Developer Hiring At Media Monks,https://bit.ly/4eTmIV1
Junior Fullstack Developer At Arya.ai ,https://bit.ly/3XXHmxl
title,url
Software Engineering Intern Opening At Microsoft,https://bit.ly/3xOmkGM
.Net Full Stack Development At Expligence Technologies ,https://bit.ly/3WePVCE
"Intern Hiring At Blinkit, Apply Now !",https://bit.ly/4cRG3Ey
"Software Engineering Intern, Summer 2025 Opportunity At Google",https://bit.ly/3LhZGK8
title,url
Software Engineering Intern Hiring At Hashicorp,https://bit.ly/3zLKbaA
Front End Development Job At Fyle,https://bit.ly/3zzJxwV
"Graduate Application at Capua, London",https://bit.ly/3zxqbZw
title,url
Frontend engineering intern hiring at Almabase,https://bit.ly/3S1b9l9
SDE - Backend Intern Opening At Cloudsek,https://bit.ly/3WhOT9a
"Software Engineering Intern At Microsoft, Apply Now !",https://bit.ly/3xOmkGM
title,url
Technical Engineer - Problem Setter - Internship At Hackerearth,https://bit.ly/3Y0mANQ
Frontend Intern opportunity at Park+,https://bit.ly/4bBjp1X
Frontend Developer (SDE-1) At Park+,https://bit.ly/3XYxvHw
title,url
Software Engineer job opening at Myntra,https://bit.ly/4bLWml3
Full Stack Engineer- Gen AI At Payu,https://bit.ly/3W3UDlD
Honeywell is hiring Software Engineer,https://bit.ly/465kRII
title,url
SDE - Intern (Internship) At ShareChat,https://bit.ly/4cYZknl
Software Engineer Intern At Salesforce,https://bit.ly/3UR4wUc
title,url
Frontend Developer Internship At Finboard.ai ,https://bit.ly/3zHGnY8
 Oliver Bernard is hiring for Front-End Engineer,https://bit.ly/4f1G8aw
title,url
"Web Frontend Engineer - JS, CSS, React, Flutter At Canonical",https://bit.ly/3Wodzgf
Frontend Developer (Remote) At Acowale,https://bit.ly/3Wnipdp
title,url
Software Development Engineer At Adobe,https://adobe.ly/3Wp6lse
title,url
Software Engineer - Android At Kuku FM,https://bit.ly/3zP1WWL
Mobile App Developer Job At Nudge | Bangalore,https://bit.ly/3zNrIe0
Software Engineering AMTS Job Opening At Salesforce,https://sforce.co/46bY8Lt
title,url
Software Engineer Intern opening at Hinge Health,https://bit.ly/4d7OJqa
"Walmart Sparkathon Is Live, An Open Innovation Challenge for Indian Students",https://bit.ly/3Wtox3Y
title,url
Frontend Developer Job At spur.fit ,https://bit.ly/4dbjLxM
title,url
Software Engineer At Zebra,https://bit.ly/4bXt0jQ
2024 Batch_Off Campus Hiring At Flipkart,https://bit.ly/3Yflyxk
"Associate, QAE/QTE FTE(Off-Campus 2024 Grads) Hiring At DeShaw",https://bit.ly/3W6DSG8
title,url
OpenGig is hiring SDE Intern,https://bit.ly/3WxOWhe
JUNIOR BACKEND ENGINEER at SideShift.ai,https://bit.ly/3y4p96R
Swipe is hiring For SDE intern role,https://bit.ly/3Wf6cq3
 Full Stack Intern Hiring At Trumio,https://bit.ly/4fdm1pM
title,url
Backend Developer Internship At Aurva,https://bit.ly/3A4qL0P
Software Engineering Interns Hiring At Microsoft,https://bit.ly/46fY1OX
title,url
React Developer Intern At Swipe,https://bit.ly/46ivNmt
Summer Internships 2025 (India) At Baker Hughes,https://bit.ly/3WBNsCE
American Express Is Hiring For Analyst - Data Science,https://bit.ly/46jb5CZ
title,url
Frontend Developer hiring At DotPe,https://bit.ly/3WnXQMK
title,url
Software Development Engineer I At Zeta,https://bit.ly/4fnmHcg
Software Development Engineer II Hiring At Disney+ Hotstar,https://bit.ly/3YkTUyT
title,url
Software Development Engineer hiring At Meesho,https://www.meesho.io/jobs/software-development-engineer-i-data?id=fdbc2008-63d6-4334-8d9b-0dfa94ce4256
Backend Developer Intern Opening At Lokal,https://bit.ly/3WoGFe5
title,url
Summer Internships 2025 At Baker Hughes,https://bit.ly/3WBNsCE
Software Development Engineer positions at various levels At OLA,https://bit.ly/3LIGzsP
title,url
Crework Is Hiring For Full stack developer,https://bit.ly/4fn01ZO
Intern - Software Engineer - Frontend At Yugabyte,https://bit.ly/4diEfo6
title,url
Test Engineer - QA At Curefit ,https://bit.ly/4dkaDGY
title,url
Software Engineering Intern (Summer 2025) At Notion,https://bit.ly/3Yq3fFK
LinkedIn is hiring for Software Engineer - Machine Learning ,https://bit.ly/4dr1Jrb
Software Development Engineer Hiring At Furlenco,https://bit.ly/46wsA2L
OKX - Graduate Hire 2024/25 - Software Engineer,https://bit.ly/46BUCKn
SDE-1 Hiring At Urban Company ,https://bit.ly/3LPSKE8
"Software Engineer, University Graduate, 2025 - Google",https://bit.ly/4dl4pXe
title,url
Software Development Engineer I At Meesho,https://bit.ly/4ccAQpQ
title,url
Mouser Electronics Is Hiring For Web Developer I,https://bit.ly/4dvezF8
Full Stack Development Intern Evva Health,https://bit.ly/3MbtqsJ
title,url
 Software Engineer I Hiring At JPMorgan Chase & Co - Hyderabad,https://bit.ly/4d6C2wx
Fullstack Developer Internship At Justmove.fun - Banglore,https://bit.ly/3WPRRSA
title,url
Software Engineer - Data Engineering At Zeotap,https://bit.ly/4dloUTU
Intern - SDE - Frontend At Cloudsek,https://bit.ly/3SyksJq
Machine Learning Intern Opportunity At NayaOne ,https://bit.ly/3WtZQTX
Frontend Developer (Remote) - Acowale,https://bit.ly/3A8a58J
title,url
Engineering Intern At Qualcomm,https://bit.ly/3WvMM0h
Backend Engineer - Internship At Zerodha,https://bit.ly/3WOkwqZ
title,url
Intern- Gen.AI At Payu,https://bit.ly/3YS8A9l
Machine Learning Internship Opportunity At TurboML,https://bit.ly/3SEungO
title,url
Software Engineering Intern 2025 At Databricks,https://bit.ly/3WXkkVt
Software Engineer Intern Opening At Trellix,https://bit.ly/3YClkAC
"Software Engineer (New Grad), Backend (Migrations) At Cockroachlabs",https://bit.ly/4dDv3uR
title,url
SDE-I At Mindtickle,https://bit.ly/3WvL7aQ
Software Engineer-II Hiring At Walmart,https://bit.ly/3YAQ5py
title,url
Yulu is hiring for Data Engineer ,https://bit.ly/3AhBNA1
title,url
Software Engineer Hiring At Paisabazaar,https://bit.ly/3yvCtRX
Software Engineering Intern opening at ClearFeed,https://bit.ly/46EkWnb
SWE Internship - At takeuforward,https://bit.ly/46LZ8Gb
"Software Engineer, YouTube At Google",https://bit.ly/4dhiEwB
title,url
Palo Alto Networks is hiring for Systems Engineer ,https://bit.ly/3yB2uiI
Java Software Engineer Hiring At Securiti,https://bit.ly/4dvt4c4
title,url
SDE I - Python Hiring At Murf AI,https://bit.ly/3AuBQsg
KPMG is hiring for Technology Consulting - Freshers ,https://bit.ly/4cnzFEq
Data Engineering Internship At MongoDB,https://bit.ly/4cqPBWa
Java Developer- Fresher Role opening at Ciena,https://bit.ly/3yDTJV8
Engineering Intern role opening at Bureau,https://bit.ly/3WJJ3fN
title,url
SDE Intern- Front End Hiring At Geeksforgeeks,https://bit.ly/4fMWcNR
GE Vernova Is Hiring For Data Scientist Role,https://invent.ge/46Nckut
title,url
INDMoney Is Hiring For Interns,https://bit.ly/3WLUa7Z
Software Engineer At Servicenow,https://bit.ly/4cnEiy1
"Associate, QAE/QTE FTE(Off-Campus 2024 Grads) At Deshawindia",https://bit.ly/3W6DSG8
title,url
"Associate Software Engineer, Data Science At Atlassian",https://bit.ly/4fQeFc7
title,url
Frontend Engineer Hiring At Almabase,https://bit.ly/4doqYe5
2025 Engineering Campus Hiring Program At Goldman Sachs,https://bit.ly/46XpV2A
INDmoney: Application for SDE Intern Role,https://bit.ly/3SShxM1
2025 Summer Analyst Program At Goldman Sachs,https://bit.ly/3AskRHf
Software Developer Graduate- India Hiring At Aveva,https://bit.ly/3WSc60H
title,url
Software Development Engineer 1-Backend Engineering At Tata 1mg ,https://bit.ly/3M9HaUB
Data Scientist - I Job Opening At Swiggy,https://bit.ly/3Mh3jAh
title,url
Software Development Engineer I Data - Meesho,https://bit.ly/3UV8CuS
Atlan Engineering Fellowship - Remote Opportunity,https://bit.ly/3Mwn3jT
Java Developer Intern At Deutsche Bank - Pune,https://bit.ly/3yVnErQ
title,url
2025 Engineering Campus Hiring Program - Goldman Sachs,https://bit.ly/46XpV2A
Remote Fullstack Software Engineer At SamaCare,https://bit.ly/3MeatWi
Fullstack Developer Internship At kore.ai ,https://bit.ly/4fUacp5
title,url
Remote Machine Learning Intern Nolano.ai,https://bit.ly/471xh51
title,url
Software Engineer - Winter Intern At Rubrik,https://www.rubrik.com/company/careers/departments/job.6195381
Software Engineer Hiring At Eightfold,https://bit.ly/4cDPXcm
title,url
Remote Machine Learning Intern role at Infrrd,https://bit.ly/3yRXhDk
2024 Software Engineer I: India At Uber,https://bit.ly/3WllVWd
Software Engineering Intern - Frontend At Sense,https://bit.ly/3MgePfh
title,url
"Software Engineer, New Grad At Stripe",https://bit.ly/3yHCen0
title,url
Forward is hiring for Remote React/PHP Engineer,https://bit.ly/3SYBTTN
title,url
Software Engineer - Early Career (2025) At Figma,https://bit.ly/3AEXI4m
Remote Frontend Developer - React/Next.js At FutureSmart AI,https://bit.ly/3TsnzDp
title,url
2025 Intern - Software Engineer At Adobe,https://adobe.ly/3WYLUl3
SDE Intern Hiring At Toplyne,https://bit.ly/473qBmY
title,url
Data Analyst Hiring At Natwest Group,https://bit.ly/4dFVP5Z
Remote Staff Software Engineer - Web At Disney+ Hotstar,https://bit.ly/4dFnX9p
title,url
Technology Consulting-TE SAP-iRPA Analyst At KPMG,https://bit.ly/3X1oI5H
Women in Tech 4th Edition - Summer internship 2025 At Atlassian,https://bit.ly/3X77aFa
ML Intern @ Tower Research Capital,https://bit.ly/3X1zdWF
title,url
React Frontend Developer At Rocketlane,https://bit.ly/3WXPsUE
Frontend Engineer (India) At VectorShift,https://bit.ly/4cKDvaK
Ellucian is hiring for Interns ,https://bit.ly/4e0VvP8
title,url
Software Development Engineer I - Backend Hiring At Zeta,https://bit.ly/3z0uJYl
 Full-Time Software Developer (6-Month Contract) At ComputeLib,https://bit.ly/4cOotkl
title,url
Software Engineer Intern opening at Clearfeed,https://bit.ly/3z4qaMG
Netflix is hiring for the role of Data Scientist!,https://bit.ly/4d636eB
title,url
Software Engineer Intern Opening At Cisco,https://bit.ly/3MwJftS
Remote Mobile App Developer Internship At Evva Health,https://bit.ly/3MtQcMf
title,url
"Software Engineering Winter Intern, 2025 At Google",https://bit.ly/4dNOEJg
Bungee Tech Is Hiring For Remote Software Engineer Intern,https://bit.ly/3ARmWNb
Jar Is Hiring For Backend Intern Role,https://bit.ly/3TitUB3
IBM Is Hiring For The Role Of Software Developer,https://ibm.co/3z5ymfA
title,url
Software Engineering Intern - Undergraduate At LinkedIn,https://bit.ly/3Tir3bd
title,url
Front End Development Intern At Swissmote,https://bit.ly/3yUXUfy
Full - Stack Developer (SDE - 1) At Instahyre,https://bit.ly/3TkZoXo
title,url
Software Engineer : Mobile Hiring At PhonePe,https://bit.ly/3MDp9OR
Product Management Job At CryptoXpress | Remote,https://bit.ly/3AWqqhq
Software Engineer Job Opening At Optum,https://bit.ly/3ARyMXv
title,url
Technology Developer Graduate 2025 India At Barclays,https://bit.ly/4efZYNW
2025 Technology Campus Program At Nasdaq,https://bit.ly/3MBxu5v
title,url
Associate DevOps Engineer At NTT,https://bit.ly/3XD9Goj
Spring Analyst Internship At Morgan Stanley,https://bit.ly/3zclowF
title,url
"Associate, QAE/QTE FTE(Off-Campus 2024 Grads) At D. E. Shaw",https://bit.ly/4eg9DnK
Associate Software Engineer (DevOps) At Mediaocean,https://jobs.lever.co/mediaocean/b746f449-e4fc-4c0e-add1-01dd4758be39/
Associate Software Development Engineer At ScaleneWorks,https://bit.ly/3zeTKPw
title,url
Remote Backend Developer role opening at Fyle,https://bit.ly/3Xmve7d
title,url
DevOps ESG Core Engine Hiring At Deutsche Bank,https://bit.ly/4gCdrBZ
Software Engineer role opening at Barclays,https://bit.ly/3XnKZe7
title,url
Software Engineer- Backend (Symphony) At PhonePe,https://bit.ly/3B78pgw
Fullstack Developer Job At Flashaid ,https://bit.ly/3MGLjzM
title,url
Junior Data & Platform Engineer Hiring At Adidas,https://bit.ly/3TuXELj
"Fullstack Developer Job At Flashaid, Mumbai",https://bit.ly/3MGLjzM
Intern - Engineering At Wabtec,https://bit.ly/3XpSd1g
title,url
"Software Engineer, Google Ads, Apply now !",https://bit.ly/3B32qcz
title,url
Software Engineering Winter Intern 2025 - Google,https://bit.ly/4dWvbGh
title,url
"Data Scientist Intern, Summer 2025 - India At Mastercard",https://mastercard.wd1.myworkdayjobs.com/en-US/Campus/job/Gurgaon-India/Data-Scientist-Intern--Summer-2025---India_R-228651
Back-end Developer intern at CRED,https://www.codechef.com/backend-developer-at-cred
Software Development Engineer I- Frontend Engineering At Tata 1mg,https://1mg.darwinbox.in/ms/candidate/careers/a66dee9c60969e
title,url
Machine Learning Engineer- 1 hiring at groww,https://groww.skillate.com/jobs/54629
"Software Engineer, Intern, 2024/25 (University Recruiting) at DoorDash",https://boards.greenhouse.io/doordash/jobs/6247016?gh_jid=6247016&gh_src=abd3c3701us
Software Engineer - Winter Intern - Rubrik,https://bit.ly/3TAQeWC
title,url
Software Engineer Intern At Branch International,https://bit.ly/3MY8zJr
Software Development Engineer I - Mobile (iOS/Android) At Zeta,https://bit.ly/3XMEa7c
Remote Assoc DevOps Engineer Hiring At Yahoo !,https://bit.ly/4e6YwxZ
title,url
Data Scientist - I role opening at Swiggy,https://bit.ly/3BdBrLi
Mastercard is Hiring for Software Engineer 1,https://mstr.cd/3Ty3Vpt
title,url
"atlys Is Hiring For SDET - Pune, India",https://bit.ly/3XVwFLy
title,url
"Application Engineering Intern, Winter 2025 (English) At Google",https://bit.ly/4dwsydr
LinkedIn is hiring for Software Engineering Intern ,https://bit.ly/3zubwym
Remote Software Engineer Intern At Coding Ninjas,https://bit.ly/3XxHwd3
title,url
Associate Software Engineer (Java Backend) At Precisely,https://bit.ly/3TDNsjF
Seagate Hiring for IT Intern ,https://bit.ly/3XXIFw4
Saathi.app is hiring for the role of GenAI Intern!,https://bit.ly/47DzJPo
title,url
Software Engineering AMTS Role Opening At Salesforce,https://sforce.co/47CXAyC
title,url
Artificial Intelligence (AI) Executive At Buddha Education Association Incorporation,https://bit.ly/4ei1tMa
title,url
Software Engineering Intern role opening at Ciena,https://bit.ly/3MZmT4L
Software Development Engineer I Hiring At Expedia,https://bit.ly/3XDR6Lz
title,url
Remote Software Engineer Intern At Qualifyze,https://bit.ly/4gFIpJi
Associate Machine Learning Engineer At Kuku FM,https://bit.ly/3N2Odil
Frontend Developer Job At ZenAdmin,https://bit.ly/47HMOaA
Data Engineer job opening at Barclays,https://bit.ly/4elBTpA
title,url
Remote Data Analyst Internship At QuadBox,https://bit.ly/4dHKa6d
title,url
Software Engineer Hiring At Myntra,https://bit.ly/3ZOnFsL
Remote Software Engineer Intern (Summer 2025 Start) At Twilio,https://bit.ly/3XHslhs
title,url
Software Engineer hiring at Quizizz,https://bit.ly/4epdKOY
"Software Engineer, University Graduate, 2025 | Google",https://bit.ly/3Y5RiV4
title,url
Software Development Engineer job opening at Prismforce,https://bit.ly/487t6Fz
Lam Research Is Hiring Engineering Intern ,https://bit.ly/3ZQ4kro
"Backend Developer Internship At Lokal | Bangalore, India",https://bit.ly/3XRPcHi
title,url
"Software Engineer, New Grad Hiring At Stripe",https://bit.ly/3ZV2eGJ
Frontend Intern Role Opening At Park+,https://bit.ly/3NdsPXI
Associate Product Manager Intern At Meesho,https://bit.ly/3TXOerL
2025 Software Engineering Internship At Uber,https://bit.ly/3Yat3oS
title,url
Atlan Is Hiring For Remote Software Engineering Intern,https://bit.ly/4gStQlG
Remote Fullstack Developer Hiring At Turing,https://bit.ly/3zYHuD4
title,url
Fullstack Developer Hiring At Flabs,https://bit.ly/4eNQsBY
Remote Machine Learning Internship at BreakoutAI,https://bit.ly/483kFLd
title,url
Software Engineering: Internship Opportunity - Microsoft,https://bit.ly/3By4HfT
title,url
Remote Backend Engineering Intern At Fampay,https://bit.ly/4eVKTSi
title,url
Software Engineer 1 Hiring At Intuit,https://intuit.me/3U3jcyR
title,url
"Hardware Engineering Intern, Winter 2025 At Google",https://bit.ly/3XZyoxX
title,url
Data Science Intern Hiring At Thinking Stack,https://bit.ly/4ewg5rj
Zeta Is Hiring For SDE Intern (Backend) ,https://bit.ly/3U8Lw2F
Software Engineer Internship 2025 (4 months) At Agoda,https://bit.ly/486gu1g
Technical Support Engineering Intern Hiring At Microsoft,https://bit.ly/3BBNhPu
Software Engineer (Frontend) - At Myntra,https://bit.ly/4f02Izv
title,url
Cred is hiring for backend developer role,https://bit.ly/4hdTQs7
Crux (YC W24) Is Hiring For Backend Engineer,https://bit.ly/3U7BBKI
UKG Is Hiring For SDE Internship Role,https://bit.ly/48cTzBf
Frontend Engineering Intern (ReactJS) Opening at Cobalt,https://bit.ly/4eIdsCG
Backend Developer Internship At Zelthy,https://bit.ly/4eA8Nmp
SDE 1 - Off Campus Hiring At Dream11,https://bit.ly/4dHcWDO
Frontend Engineer Hiring AT Crux (YC W24),https://bit.ly/4dL4lQr
Sparkplug - Summer Internship 2025 At Walmart,https://bit.ly/3Ya3bID
Software Engineer Intern AT Nvidia,https://bit.ly/3YaJLTT
title,url
Software Engineer - Intern At Zeotap,https://bit.ly/3NwEFMS
title,url
Mobile App Developer Internship At Beta Testers,https://bit.ly/3Yt7uzX
title,url
Associate Software Engineer Hiring at Goldman Sachs,https://bit.ly/3Ueu9xs
title,url
Remote Full Stack Developer Hiring At Black Spectacles,https://bit.ly/3YaRdhT
Software Engineering Intern opening at Mcafee,https://bit.ly/4fbvnBB
Remote Software Engineer Intern Hiring At Enigma Genomics,https://bit.ly/4hddPHa
title,url
Appinventiv is hiring for Junior Software Engineer,https://bit.ly/3YvdEzJ
title,url
Software Application Development Apprenticeship At Google,https://bit.ly/4fgsLSX
title,url
ML Intern Hiring At Tower Research Capital ,https://bit.ly/3NGzqtS
Remote Python Flask & React Developer - Intern Hiring At Drona Pay,https://bit.ly/3A1aUAN
Cred Is Hiring For Android Intern Role,https://bit.ly/3BTXwyR
title,url
Software Development Engineer in Test (SDET) Internship At insri Tech ,https://bit.ly/3UmSwch
Metaborong Technologies Is Hiring For Frontend Developer,https://bit.ly/3NDqHZC
title,url
Software Engineering Intern (6 Month) At Wayfair,https://bit.ly/4hnH8Xx
Remote Product Design Intern hiring at OpenGig,https://bit.ly/4e4wySC
Remote Frontend Developer Internship At Newtons Lab,https://bit.ly/3A9RHwP
Software Engineering: Full Time Opportunity At Microsoft,https://bit.ly/3Uq3MVt
title,url
Palo Alto Networks Is Hiring For Software Engineer role,https://bit.ly/3NHntUR
title,url
Software Development Engineer Intern (Onsite) - HackerRank ,https://bit.ly/4fiTONv
title,url
Tower Research Capital Is Hiring For The Role Of ML Intern,https://bit.ly/3NGzqtS
title,url
Remote Full Stack Developer At Industrility,https://bit.ly/3UqGzlS
Nykaa Is Hiring For SDET Interns,https://bit.ly/4e9U8NL
title,url
Remote Python Developer role opening at Dream Marvel Startups ,https://bit.ly/3YnIWax
Concert AI Is Hiring For Software Engineer,https://bit.ly/4eglzWo
title,url
Software Engineering Internship @ Microsoft,https://bit.ly/48yNMGr
title,url
BreakoutAI is hiring for the role of Artificial Intelligence Intern!,https://bit.ly/3ApTL3I
title,url
Unacademy Hiring Is Hiring For The Role Of Frontend Engineer ,https://bit.ly/48veFez
Deutsche Bank is hiring for Technology Analyst - Engineer ,https://bit.ly/3YP3Ssp
Remote Frontend Developer Internship @ Enalo ,https://bit.ly/4f86ZBf
title,url
Technology Analyst - Engineer At Deutsche Bank,https://bit.ly/3YP3Ssp
Software Engineer At NatWest Group,https://bit.ly/4fvP9b9
OpenGig is Hiring For SDE Intern,https://bit.ly/40wbkty
title,url
Remote Product Management Job At Newtons Lab,https://bit.ly/3NQpz55
Web Developer role opening at Groww - Bengaluru,https://bit.ly/40x0fbE
title,url
Remote Machine Learning Engineer - I Hiring At Swiggy,https://bit.ly/3UFU6WT
Remote Front-end Developer role opening at POOLit,https://bit.ly/3UIslwX
title,url
Software Engineer Intern Hiring open At Rubrik,https://bit.ly/48ImI7Y
title,url
Backend Engineer (Internship) At SuperKalam,https://bit.ly/3AAjFC3
title,url
Software Development Engineer I - Meesho,https://bit.ly/4erDrgO
title,url
Synopsys Is Hiring For Intern (Technical Engineering),https://bit.ly/3UKosYw
title,url
Baazi Games Is Hiring For React Native Engineer ,https://bit.ly/4fGOGDb
title,url
Exciting 6-Month Internships at Kirana Club,https://bit.ly/4fGxoWR
SDE Intern - Backend Engineer Hiring At CloudSEK,https://bit.ly/3UILQWo
Graduate Technical Intern At Mcafee,https://bit.ly/4fKV7VF
title,url
SDE Intern Hiring At Spyne,https://bit.ly/4fLoSWn
Software Engineer Hiring At Apna,https://bit.ly/48KExDj
"Bytedance, Back-end Engineer Hiring, Graduate Dubai 2025",https://bit.ly/3YPyF7d
Intern - Software Engineer (Unity) At Scopely,https://bit.ly/4esB1yF
title,url
Software Engineer Hiring At Optum,https://bit.ly/3O5k9mT
title,url
SDET- Automation Hiring At Nutanix,https://bit.ly/4euIzB2
title,url
Generative Artificial Intelligence - Intern At Paytm,https://bit.ly/3ObEUgM
Software Engineer Job At S&P Global,https://bit.ly/40NWrTC
title,url
CharacterHub Is Hiring For SDE Role,https://bit.ly/4hSKimj
Software Engineer Intern Hiring At Stripe,https://bit.ly/48TAcxy
title,url
Cars24 Is Hiring For Frontend Intern,https://bit.ly/4evucfG
Remote Fullstack Specialist Hiring At Turing,https://bit.ly/3ZdZmUz
title,url
Android Intern Hiring At Blinkit ,https://bit.ly/48WrLlf
Flutter Intern Hiring At Cred,https://bit.ly/3V227pf
